Accuracy,F1 Score,Precision,Recall
0.9899037307661538,0.9898748935136212,0.9900228667282551,0.9899037307661538
